category,keyword
RENT,miete
RENT,rent
RENT,wohnung
RENT,wohnungsbau
RENT,hausverwaltung
RENT,gehag
RENT,vonovia
RENT,deutsche wohnen
RENT,immobilien
RENT,nettomiete
RENT,kaltmiete
RENT,warmmiete
RENT,nebenkosten
RENT,betriebskosten
RENT,heizkosten
RENT,mietkaution
RENT,kaution
RENT,courtage
RENT,leg immobilien
RENT,grand city properties
RENT,covivio
RENT,bonovia
RENT,hausgeld
RENT,hausverwaltung berlin
RENT,vivawest
RENT,adler real estate
RENT,saga
RENT,gewobag
RENT,degewo
RENT,howoge
RENT,stadt und land
RENT,gesobau
RENT,gewofag
RENT,wbm
RENT,gewoba
RENT,wiro
RENT,abg frankfurt holding
RENT,strom
RENT,gas
RENT,wasser
RENT,stadtwerke
RENT,vattenfall
RENT,eon
RENT,e.on
RENT,enercity
RENT,electricity
RENT,heizung
RENT,energie
RENT,swb
RENT,mainova
TRANSPORT,bvg
TRANSPORT,berliner verkehrsbetriebe
TRANSPORT,s-bahn
TRANSPORT,sbahn
TRANSPORT,s bahn berlin
TRANSPORT,s bahn hamburg
TRANSPORT,s bahn münchen
TRANSPORT,u-bahn
TRANSPORT,ubahn
TRANSPORT,deutsche bahn
TRANSPORT,db
TRANSPORT,db vertrieb
TRANSPORT,mvv
TRANSPORT,hvv
TRANSPORT,kvb
TRANSPORT,öpnv
TRANSPORT,nahverkehr
TRANSPORT,vbb
TRANSPORT,transport
TRANSPORT,bus
TRANSPORT,zug
TRANSPORT,fernverkehr
TRANSPORT,metro
TRANSPORT,avv
TRANSPORT,rmv
TRANSPORT,vgn
TRANSPORT,ivb
TRANSPORT,svv
TRANSPORT,carsharing
TRANSPORT,flixbus
TRANSPORT,flixtrain
TRANSPORT,bike-and-ride
TRANSPORT,kvb-nextbike
TRANSPORT,tankstelle
TRANSPORT,shell
TRANSPORT,aral
TRANSPORT,esso
TRANSPORT,jet
TRANSPORT,total
TRANSPORT,fuel
TRANSPORT,benzin
TRANSPORT,diesel
TRANSPORT,kfz
TRANSPORT,auto
TRANSPORT,werkstatt
TRANSPORT,reifen
TRANSPORT,adac
TRANSPORT,raststätte
TRANSPORT,totalenergies
TRANSPORT,startankstelle
TRANSPORT,agip
TRANSPORT,eni
TRANSPORT,bfttankstelle
TRANSPORT,oktan
TRANSPORT,super
TRANSPORT,superplus
TRANSPORT,e10
TRANSPORT,bleifrei
TRANSPORT,kraftstoff
TRANSPORT,sprit
TRANSPORT,biodiesel
TRANSPORT,autogas
TRANSPORT,cng
TRANSPORT,erdgastankstelle
TRANSPORT,stromtankstelle
TRANSPORT,ladesäule
TRANSPORT,schnelllader
TRANSPORT,e-autoladen
TRANSPORT,tüv
TRANSPORT,dekra
TRANSPORT,kfz-steuer
TRANSPORT,kfz-versicherung
TRANSPORT,vollkasko
TRANSPORT,teilkasko
TRANSPORT,haftpflicht
TRANSPORT,kfz-werkstatt
TRANSPORT,meisterwerkstatt
TRANSPORT,freiewerkstatt
TRANSPORT,vertragshändler
TRANSPORT,karosseriebau
TRANSPORT,lackiererei
TRANSPORT,felgen
TRANSPORT,sommerreifen
TRANSPORT,winterreifen
TRANSPORT,ganzjahresreifen
TRANSPORT,reifenservice
TRANSPORT,reifenwechsel
TRANSPORT,spurvermessung
TRANSPORT,ölwechsel
TRANSPORT,inspektion
TRANSPORT,kundendienst
TRANSPORT,wartung
TRANSPORT,kfz-service
TRANSPORT,panne
TRANSPORT,abschleppdienst
TRANSPORT,adacplusmitgliedschaft
TRANSPORT,schutzbrief
TRANSPORT,notruf
TRANSPORT,rastplatz
TRANSPORT,parkplatz
TRANSPORT,parkhaus
TRANSPORT,tiefgarage
TRANSPORT,tanksäule
TRANSPORT,zapfsäule
TRANSPORT,vignetten
TRANSPORT,maut
SUPERMARKET,rewe
SUPERMARKET,edeka
SUPERMARKET,lidl
SUPERMARKET,lidl sagt danke
SUPERMARKET,lidl gmbh
SUPERMARKET,lidl filiale
SUPERMARKET,lidl dienstleistung
SUPERMARKET,aldi
SUPERMARKET,penny
SUPERMARKET,netto
SUPERMARKET,kaufland
SUPERMARKET,alnatura
SUPERMARKET,bio company
SUPERMARKET,market
SUPERMARKET,markt
SUPERMARKET,laden
SUPERMARKET,dorfladen
SUPERMARKET,biokauf
SUPERMARKET,real
SUPERMARKET,supermarkt
SUPERMARKET,dm-
SUPERMARKET,dm drogerie
SUPERMARKET,dm fil
SUPERMARKET,dm markt
SUPERMARKET,drogerie markt
SUPERMARKET,rossmann
SUPERMARKET,nahkauf
SUPERMARKET,denns
SUPERMARKET,lebensmittel
SUPERMARKET,müller drogerie
RESTAURANT,restaurant
RESTAURANT,gaststätte
RESTAURANT,bistro
RESTAURANT,cafe
RESTAURANT,coffee
RESTAURANT,kaffee
RESTAURANT,station
RESTAURANT,stube
RESTAURANT,treff
RESTAURANT,casa
RESTAURANT,kantine
RESTAURANT,lokal
RESTAURANT,starbucks
RESTAURANT,mcdonald
RESTAURANT,burger king
RESTAURANT,subway
RESTAURANT,pizza
RESTAURANT,asia
RESTAURANT,fisch
RESTAURANT,hof
RESTAURANT,delikatessen
RESTAURANT,sushi
RESTAURANT,lounge
RESTAURANT,döner
RESTAURANT,lieferando
RESTAURANT,club
RESTAURANT,food
RESTAURANT,beef
RESTAURANT,haus
RESTAURANT,lieferheld
RESTAURANT,uber eats
RESTAURANT,wolt
RESTAURANT,küche
RESTAURANT,eck
RESTAURANT,zum
RESTAURANT,zur
RESTAURANT,die
RESTAURANT,der
RESTAURANT,das
RESTAURANT,bei
RESTAURANT,villa
RESTAURANT,muelle
RESTAURANT,kleine
RESTAURANT,alte
RESTAURANT,alt
RESTAURANT,house
RESTAURANT,gelato
RESTAURANT,kitchen
RESTAURANT,deliveroo
RESTAURANT,thai
RESTAURANT,weinstube
RESTAURANT,weingut
RESTAURANT,taverne
RESTAURANT,tea
RESTAURANT,berlin
RESTAURANT,chicken
RESTAURANT,kiosk
RESTAURANT,back
RESTAURANT,stuben
RESTAURANT,wok
RESTAURANT,curry
RESTAURANT,city
RESTAURANT,konditorei
RESTAURANT,brot
RESTAURANT,snack
RESTAURANT,tante
RESTAURANT,garden
RESTAURANT,klause
RESTAURANT,stübchen
RESTAURANT,deli
RESTAURANT,hütte
RESTAURANT,falafel
RESTAURANT,pasta
RESTAURANT,china
RESTAURANT,pho
RESTAURANT,italia
RESTAURANT,ramen
RESTAURANT,stüble
RESTAURANT,eat
RESTAURANT,biergarten
RESTAURANT,india
RESTAURANT,garten
RESTAURANT,cuisine
RESTAURANT,keller
RESTAURANT,cucina
RESTAURANT,naturkost
RESTAURANT,genuss
RESTAURANT,brauerei
RESTAURANT,tapas
RESTAURANT,gelateria
RESTAURANT,bakery
RESTAURANT,bowl
RESTAURANT,gourmet
RESTAURANT,cantina
RESTAURANT,saal
RESTAURANT,manufaktur
RESTAURANT,raststätte
RESTAURANT,salon
RESTAURANT,herr
RESTAURANT,gastwirtschaft
RESTAURANT,vietnam
RESTAURANT,bbq
RESTAURANT,heim
RESTAURANT,diner
RESTAURANT,mühle
RESTAURANT,bella
RESTAURANT,little
RESTAURANT,feinkost
RESTAURANT,spezialitäten
RESTAURANT,viet
RESTAURANT,palace
RESTAURANT,stüberl
RESTAURANT,schänke
RESTAURANT,cafè
RESTAURANT,express
RESTAURANT,mama
SHOPPING,amazon
SHOPPING,ebay
SHOPPING,store
SHOPPING,zalando
SHOPPING,otto
SHOPPING,h&m
SHOPPING,zara
SHOPPING,mediamarkt
SHOPPING,mode
SHOPPING,saturn
SHOPPING,shop
SHOPPING,ikea
SHOPPING,bauhaus
SHOPPING,bauhaus gmbh
SHOPPING,baumarkt
SHOPPING,obi
SHOPPING,hornbach
SHOPPING,hagebau
SHOPPING,toom
SHOPPING,handy
SHOPPING,möbel
SHOPPING,jeans
SHOPPING,fashion
SHOPPING,kleidung
SHOPPING,boutique
SHOPPING,center
SHOPPING,service
SHOPPING,kleider
SHOPPING,electronics
SHOPPING,elektro
SHOPPING,outlet
SHOPPING,nails
SHOPPING,gmbh
SHOPPING,phone
SHOPPING,mobile
SHOPPING,moda
SHOPPING,radio
SHOPPING,design
SHOPPING,euronics
SHOPPING,studio
SHOPPING,second
SHOPPING,media
SHOPPING,electronic
SHOPPING,textilien
SHOPPING,secondhand
SHOPPING,clothing
SHOPPING,online
HEALTH,apotheke
HEALTH,pharmacy
HEALTH,arzt
HEALTH,doctor
HEALTH,krankenhaus
HEALTH,hospital
HEALTH,zahnarzt
HEALTH,dentist
HEALTH,optiker
HEALTH,brille
INSURANCE,versicherung
INSURANCE,insurance
INSURANCE,allianz
INSURANCE,axa
INSURANCE,huk
INSURANCE,ergo
INSURANCE,generali
INSURANCE,krankenversicherung
INSURANCE,haftpflicht
ENTERTAINMENT,netflix
ENTERTAINMENT,spotify
ENTERTAINMENT,spotify ab
ENTERTAINMENT,spotify technology
ENTERTAINMENT,disney
ENTERTAINMENT,amazon prime
ENTERTAINMENT,kino
ENTERTAINMENT,cinema
ENTERTAINMENT,theater
ENTERTAINMENT,konzert
ENTERTAINMENT,ticket
ENTERTAINMENT,eventim
SUBSCRIPTIONS,abo
SUBSCRIPTIONS,subscription
SUBSCRIPTIONS,mitgliedschaft
SUBSCRIPTIONS,membership
SUBSCRIPTIONS,patreon
SUBSCRIPTIONS,youtube premium
SUBSCRIPTIONS,apple
SUBSCRIPTIONS,google one
SUBSCRIPTIONS,google storage
SUBSCRIPTIONS,google*one
SUBSCRIPTIONS,googleone
SUBSCRIPTIONS,cloud
SUBSCRIPTIONS,icloud
SUBSCRIPTIONS,abonnement
SUBSCRIPTIONS,patreon creator
SUBSCRIPTIONS,youtube music
SUBSCRIPTIONS,spotify premium
SUBSCRIPTIONS,disney+
SUBSCRIPTIONS,prime video
SUBSCRIPTIONS,apple music
SUBSCRIPTIONS,apple tv+
SUBSCRIPTIONS,icloud+
SUBSCRIPTIONS,google drive
SUBSCRIPTIONS,google play pass
SUBSCRIPTIONS,microsoft 365
SUBSCRIPTIONS,onedrive
SUBSCRIPTIONS,dropbox
SUBSCRIPTIONS,cloud speicher
SUBSCRIPTIONS,cloud storage
SUBSCRIPTIONS,streaming abo
SUBSCRIPTIONS,gaming abo
SUBSCRIPTIONS,xbox game pass
SUBSCRIPTIONS,playstation plus
SUBSCRIPTIONS,nintendo switch online
SUBSCRIPTIONS,audible
SUBSCRIPTIONS,zeit abo
SUBSCRIPTIONS,bild plus
SUBSCRIPTIONS,spiegel+
SUBSCRIPTIONS,onlyfans
SUBSCRIPTIONS,twitch sub
SUBSCRIPTIONS,twitch subscription
SUBSCRIPTIONS,deezer
SUBSCRIPTIONS,tidal
SUBSCRIPTIONS,soundcloud go+
SUBSCRIPTIONS,amazon music
SUBSCRIPTIONS,kindle unlimited
SUBSCRIPTIONS,scribd
SUBSCRIPTIONS,linkedin premium
SUBSCRIPTIONS,adobe creative cloud
SUBSCRIPTIONS,canva pro
SUBSCRIPTIONS,grammarly premium
SUBSCRIPTIONS,nordvpn
SUBSCRIPTIONS,expressvpn
SUBSCRIPTIONS,surfshark
SUBSCRIPTIONS,bitwarden premium
SUBSCRIPTIONS,lastpass
SUBSCRIPTIONS,1password
SUBSCRIPTIONS,strava summit
SUBSCRIPTIONS,myfitnesspal premium
SUBSCRIPTIONS,calm
SUBSCRIPTIONS,headspace
SUBSCRIPTIONS,duolingo super
SUBSCRIPTIONS,babbel
SUBSCRIPTIONS,busuu premium
SUBSCRIPTIONS,sky ticket
SUBSCRIPTIONS,magzter
SUBSCRIPTIONS,readly
SUBSCRIPTIONS,kobo plus
SUBSCRIPTIONS,telekom
SUBSCRIPTIONS,vodafone
SUBSCRIPTIONS,o2
SUBSCRIPTIONS,telefonica
SUBSCRIPTIONS,1&1
SUBSCRIPTIONS,congstar
SUBSCRIPTIONS,mobilfunk
SUBSCRIPTIONS,internet
SUBSCRIPTIONS,dsl
SUBSCRIPTIONS,kabel deutschland
SUBSCRIPTIONS,unity media
SUBSCRIPTIONS,deutsche telekom
SUBSCRIPTIONS,t-mobile
SUBSCRIPTIONS,magenta
SUBSCRIPTIONS,magenta tv
SUBSCRIPTIONS,speedport
SUBSCRIPTIONS,vodafone cable
SUBSCRIPTIONS,gigacube
SUBSCRIPTIONS,o2 mobilfunk
SUBSCRIPTIONS,o2 community
SUBSCRIPTIONS,1und1
SUBSCRIPTIONS,drillisch
SUBSCRIPTIONS,smartmobil
SUBSCRIPTIONS,klarmobil
SUBSCRIPTIONS,mobilcom-debitel
SUBSCRIPTIONS,otelo
SUBSCRIPTIONS,simply
SUBSCRIPTIONS,freenet
SUBSCRIPTIONS,handyvertrag
SUBSCRIPTIONS,prepaid
SUBSCRIPTIONS,vertrag
SUBSCRIPTIONS,sim only
SUBSCRIPTIONS,e-sim
SUBSCRIPTIONS,ftth
SUBSCRIPTIONS,unitymedia
SUBSCRIPTIONS,unity
SUBSCRIPTIONS,netcologne
SUBSCRIPTIONS,fitness
SUBSCRIPTIONS,gym
SUBSCRIPTIONS,mcfit
SUBSCRIPTIONS,fitx
SUBSCRIPTIONS,urban sports
SUBSCRIPTIONS,yoga
SUBSCRIPTIONS,sport
SUBSCRIPTIONS,schwimmbad
SUBSCRIPTIONS,pool
SUBSCRIPTIONS,verein
SUBSCRIPTIONS,fitnessstudio
SUBSCRIPTIONS,urban sports club
SUBSCRIPTIONS,clever fit
SUBSCRIPTIONS,john reed
SUBSCRIPTIONS,high5 fitness
SUBSCRIPTIONS,easyfitness
SUBSCRIPTIONS,rsg group
SUBSCRIPTIONS,lifefit group
SUBSCRIPTIONS,pfitzenmeier
SUBSCRIPTIONS,kieser training
SUBSCRIPTIONS,mrs sporty
SUBSCRIPTIONS,bodystreet
SUBSCRIPTIONS,fitbox
SUBSCRIPTIONS,körperformen
SUBSCRIPTIONS,25minutes
SUBSCRIPTIONS,fitness first
SUBSCRIPTIONS,yogastudio
SUBSCRIPTIONS,pilates
SUBSCRIPTIONS,spinning
SUBSCRIPTIONS,crossfit
SUBSCRIPTIONS,bootcamp
SUBSCRIPTIONS,sportschule
SUBSCRIPTIONS,freibad
SUBSCRIPTIONS,hallenbad
SUBSCRIPTIONS,sportverein
SUBSCRIPTIONS,tsv
SUBSCRIPTIONS,fitness abo
SUBSCRIPTIONS,monatskarte fitness
SUBSCRIPTIONS,probetraining
INVESTMENT,depot
INVESTMENT,aktien
INVESTMENT,etf
INVESTMENT,fond
INVESTMENT,wertpapier
INVESTMENT,trade republic
INVESTMENT,scalable
INVESTMENT,investment
INVESTMENT,dividende
INVESTMENT,wertpapierdepot
INVESTMENT,broker
INVESTMENT,trading app
INVESTMENT,aktienkauf
INVESTMENT,daytrading
INVESTMENT,swing trading
INVESTMENT,etf sparplan
INVESTMENT,indexfonds
INVESTMENT,investmentfonds
INVESTMENT,themenfonds
INVESTMENT,scalable capital
INVESTMENT,scalable broker
INVESTMENT,consorsbank
INVESTMENT,comdirect
INVESTMENT,ing depot
INVESTMENT,dkb depot
INVESTMENT,smartbroker
INVESTMENT,finanzen net zero
INVESTMENT,justtrade
INVESTMENT,investieren
INVESTMENT,ausschüttung
INVESTMENT,thesaurierend
INVESTMENT,sparplan
INVESTMENT,robo advisor
INVESTMENT,long term investing
INVESTMENT,value investing
INVESTMENT,growth stocks
INVESTMENT,krypto
INVESTMENT,bitcoin etf
INVESTMENT,nachhaltig etf
TRAVEL,hotel
TRAVEL,hostel
TRAVEL,airbnb
TRAVEL,booking.com
TRAVEL,expedia
TRAVEL,trivago
TRAVEL,airline
TRAVEL,lufthansa
TRAVEL,ryanair
TRAVEL,easyjet
TRAVEL,flug
TRAVEL,flight
TRAVEL,car rental
TRAVEL,sixt
TRAVEL,europcar
TRAVEL,hertz
TRAVEL,avis
TRAVEL,holidaycheck
TRAVEL,kayak
TRAVEL,hotels.com
TRAVEL,agoda
TRAVEL,fewo-direkt
TRAVEL,hrs
TRAVEL,momondo
TRAVEL,eurowings
TRAVEL,condor
TRAVEL,tuifly
TRAVEL,check-in
TRAVEL,boarding
TRAVEL,layover
TRAVEL,budget rent a car
TRAVEL,enterprise
TRAVEL,flizzr
TRAVEL,sunexpress deutschland
TRAVEL,sundair
TRAVEL,hahn air
TRAVEL,luftfahrtgesellschaft walter
TRAVEL,air dolomiti
TRAVEL,discover airlines
TRAVEL,lufthansa cityline
TRAVEL,norwegian
TRAVEL,vueling
TRAVEL,wizz air
TRAVEL,volotea
SALARY,gehalt
SALARY,lohn
SALARY,salary
SALARY,wage
SALARY,vergütung
SALARY,arbeitgeber
SALARY,rente
SALARY,pension
SALARY,ruhestand
SALARY,bundeskasse
SALARY,rentenversicherung
SALARY,altersvorsorge
SALARY,betriebsrente
SALARY,riester
SALARY,rürup
SALARY,einkommen
SALARY,income
REFUND,erstattung
REFUND,refund
REFUND,rückzahlung
REFUND,gutschrift
REFUND,storno
TRANSFER,überweisung
TRANSFER,transfer
TRANSFER,umbuchung
TRANSFER,paypal
TRANSFER,klarna
TRANSFER,sofort
TRANSFER,giropay
TRANSFER,apple pay
TRANSFER,google pay
TRANSFER,sofortüberweisung
TRANSFER,amazon pay
EDUCATION,schule
EDUCATION,universität
EDUCATION,hochschule
EDUCATION,studium
EDUCATION,kurs
EDUCATION,weiterbildung
EDUCATION,volkshochschule
EDUCATION,vhs
EDUCATION,seminar
EDUCATION,workshop
TAXES,finanzamt
TAXES,steuer
TAXES,steuererklärung
TAXES,einkommensteuer
TAXES,umsatzsteuer
TAXES,gewerbesteuer
