bk,DE,back-factory 
bk,DE,backhaus hackner 
bk,DE,backhaus nahrstedt 
bk,DE,backhaus schröer 
bk,DE,backstube 
bk,DE,backwerk 
bk,DE,bäcker bachmeier 
bk,DE,bäcker feihl 
bk,DE,bäckerei armbruster 
bk,DE,bäckerei büsch 
bk,DE,bäckerei keim 
bk,DE,bäckerei & konditorei wolf 
bk,DE,bäckerei leifert 
bk,DE,bäckerei staib 
bk,DE,bäckerei wahl 
bk,DE,bäckerei wimmer 
bk,DE,bäckerhaus ecker 
bk,DE,biebelhausener mühle 
bk,DE,brinker 
bk,DE,dat backhus 
bk,DE,der beck 
bk,DE,die lohner’s 
bk,DE,döbbe bäckereien 
bk,DE,emil reimann 
bk,DE,emil reimann remstal 
bk,DE,glocken bäckerei 
bk,DE,göing 
bk,DE,grobe 
bk,DE,heide-bäckerei meyer 
bk,DE,helbing mein lieblingsbäcker 
bk,DE,ihle 
bk,DE,junge die bäckerei 
bk,DE,kaisers gute backstube 
bk,DE,kamps 
bk,DE,lorenz bäcker victorbur 
bk,DE,malzers backstube 
bk,DE,markt-bäckerei 
bk,DE,middelberg 
bk,DE,müller 
bk,DE,müller & egerer 
bk,DE,rösner backstube 
bk,DE,schäfer’s 
bk,DE,schanzenbäckerei 
bk,DE,sondermann-brot 
bk,DE,steinecke 
bk,DE,webers 
bk,DE,werner’s backstube 
bk,DE,wiener feinbäckerei heberer
cl,DE,b1 discount baumarkt
cl,DE,bauhaus
cl,DE,baywa
cl,DE,globus baumarkt
cl,DE,hagebau
cl,DE,hellweg
cl,DE,hornbach
cl,DE,obi
cl,DE,raiffeisen-markt
cl,DE,sonderpreis baumarkt
cl,DE,toom
cl,DE,werkers welt
cl,DE,centro oberhausen
cl,DE,dodenhof
cl,DE,westfield ruhr park
cl,DE,elbepark dresden
cl,DE,chemnitz-center
cl,DE,gropius passagen
cl,DE,nordwestzentrum
cl,DE,westfield hamburg-überseequartier
cl,DE,main-taunus-zentrum
cl,DE,europa-center
cl,DE,rhein-ruhr zentrum
cl,DE,nova
cl,DE,mall of berlin
cl,DE,limbecker platz
cl,DE,florapark
cl,DE,weserpark
cl,DE,a10 center
cl,DE,boulevard berlin
cl,DE,porta markt
cl,DE,hanse-center
cl,DE,riem arcaden
cl,DE,rhein-neckar-zentrum
cl,DE,einkaufs-center neuperlach – pep
cl,DE,forum duisburg
cl,DE,alstertal-einkaufszentrum (aez)
cl,DE,marler stern
cl,DE,paunsdorf center
cl,DE,breuningerland ludwigsburg
cl,DE,loop5
cl,DE,olympia-einkaufszentrum
cl,DE,dodenhof
cl,DE,hürth park
cl,DE,city-galerie
cl,DE,donau-einkaufszentrum
cl,DE,breuningerland sindelfingen
cl,DE,sachsenpark
cl,DE,huma shoppingwelt
cl,DE,fördepark
cl,DE,myzeil
cl,DE,pasing arcaden
cl,DE,shopping-center hamburger meile
cl,DE,bördepark
cl,DE,palais vest
cl,DE,ring-center
cl,DE,kaufpark eiche
cl,DE,lausitz park
cl,DE,elbepark
cl,DE,waterfront bremen
cl,DE,isenburg-zentrum
cl,DE,bero-zentrum oberhausen
cl,DE,alexa
cl,DE,elbe-einkaufszentrum
cl,DE,milaneo
cl,DE,kaufpark dresden
cl,DE,spandau-arcaden
cl,DE,havelpark dallgow
cl,DE,forum köpenick
cl,DE,franken-center
cl,DE,the playce
cl,DE,billstedt-center hamburg
cl,DE,forum schwanthalerhöhe
cl,DE,rhein center
cl,DE,leine-center
cl,DE,centrum-galerie
cl,DE,ostseepark rostock
cl,DE,halle center
cl,DE,altmarkt-galerie
cl,DE,hessen-center
cl,DE,skyline plaza
cl,DE,citti-park
cl,DE,rheinpark-center
cl,DE,das schloss
cl,DE,a2 center
cl,DE,allee-center
cl,DE,stern-center potsdam
cl,DE,saarbasar
cl,DE,einkaufszentrum wust
cl,DE,saarpark-center
cl,DE,schwarzwald-baar-center
cl,DE,thier-galerie
cl,DE,quarree
cl,DE,ettlinger tor karlsruhe
cl,DE,wilma shoppen
cl,DE,rathaus-center pankow
cl,DE,eastgate
cl,DE,forum steglitz
cl,DE,sachsen allee chemnitz
cl,DE,t.e.c. erfurt
cl,DE,löhr-center
cl,DE,gera arcaden
cl,DE,westpark
cl,DE,indupark center
cl,DE,plauen park
cl,DE,schloss-arkaden
cl,DE,roland-center
cl,DE,sander center
cl,DE,columbus-center
cl,DE,rathaus galerie essen
cl,DE,europa passage
cl,DE,ernst-august-galerie
cl,DE,dez
cl,DE,rhein-galerie
cl,DE,allee-center remscheid
cl,DE,riesapark
cl,DE,sieben seen center
cl,DE,shopping arkaden
cl,DE,bethanien center
cl,DE,stern-center
cl,DE,höfe am brühl
cl,DE,elisen park
cl,DE,werre-park
cl,DE,stadtzentrum schenefeld
cl,DE,aquis plaza
cl,DE,löwencenter
cl,DE,brücken-center ansbach
cl,DE,goethe galerie
cl,DE,postgalerie
cl,DE,leine-center
cl,DE,hofgarten solingen
cl,DE,city center langenhagen
cl,DE,sophienhof
cl,DE,wicküler city
cl,DE,nordseepassage
cl,DE,arneken-galerie
cl,DE,mercado nürnberg
cl,DE,city-center chorweiler
cl,DE,forum city mülheim
cl,DE,beetzsee-center
cl,DE,neukölln arcaden
cl,DE,köln arcaden
cl,DE,leo-center
cl,DE,königsbau passagen
cl,DE,stern center
cl,DE,phoenix-center
cl,DE,loom bielefeld
cl,DE,handelscentrum
cl,DE,volme galerie
cl,DE,city carré magdeburg
cl,DE,minto
cl,DE,herold center
cl,DE,lilien-carré
cl,DE,city-arkaden wuppertal
cl,DE,marstall
cl,DE,mira
cl,DE,beetzsee center
cl,DE,gesundbrunnen-center
cl,DE,linden-center
cl,DE,famila einkaufsland wechloy
cl,DE,europa-galerie saarbrücken
cl,DE,city-galerie
cl,DE,east side mall
cl,DE,glacis-galerie
cl,DE,mercaden böblingen
cl,DE,forum wetzlar
cl,DE,das gerber
cl,DE,schwabengalerie
cl,DE,südring center
cl,DE,münster-arkaden
cl,DE,city-galerie
cl,DE,city center eisenhüttenstadt
cl,DE,schönhauser allee arcaden
cl,DE,remspark
cl,DE,emspark
cl,DE,dollartcenter
cl,DE,anger 1
cl,DE,düsseldorf arcaden
cl,DE,forum allgäu
cl,DE,regensburg arcaden
cl,DE,holsten-galerie neumünster
cl,DE,stadtgalerie schweinfurt
cl,DE,lago[73]
cl,DE,forum hanau
cl,DE,hallen am borsigturm
cl,DE,neutor-galerie
cl,DE,erlangen arcaden
cl,DE,thüringen park
cl,DE,rathaus-galerie hagen
cl,DE,rathauspassagen
cl,DE,carré bad cannstatt
cl,DE,hochland-center
cl,DE,rathaus-galerie wuppertal
cl,DE,neckar center
cl,DE,aachen arkaden
cl,DE,tempelhofer hafen
cl,DE,pösna-park
cl,DE,allee-center
cl,DE,reschop carré
cl,DE,city center landshut
cl,DE,q 6 q 7 mannheim
cl,DE,elster park
cl,DE,k in lautern
cl,DE,allee-center
cl,DE,rathaus-center
cl,DE,schwabencenter
cl,DE,zentrum schöneweide
cl,DE,rotmain-center bayreuth
cl,DE,königsgalerie duisburg
cl,DE,kö-galerie
cl,DE,forum mittelrhein
cl,DE,luisenforum
cl,DE,city-galerie
cl,DE,allee-center essen
cl,DE,schlosspark-center
cl,DE,blechen carré
cl,DE,stadt-galerie
cl,DE,sevens center
cl,DE,pep torgau
cl,DE,müggelpark
cl,DE,schadow-arkaden
cl,DE,lahoma living plaza
cl,DE,südring-center
cl,DE,flair
cl,DE,city center hanau
cl,DE,daseinstein
cl,DE,neustädter (ehemals galerie neustädter tor)
cl,DE,lookentor
cl,DE,oder-center
cl,DE,cottbus center
cl,DE,westfalen einkaufszentrum (wez)
cl,DE,vita-center
cl,DE,emsgalerie
cl,DE,flensburg galerie
cl,DE,schlössle-galerie
cl,DE,clemens-galerien
cl,DE,arena einkaufspark
cl,DE,schloss-straßen-center
cl,DE,cano singen
cl,DE,kaiser passage
cl,DE,luisencenter
cl,DE,dessau-center
cl,DE,brawo carree salzgitter
cl,DE,kamp-promenade
cl,DE,hofstatt
cl,DE,bahnhofspassage
cl,DE,forum gummersbach
cl,DE,stadtcenter düren
cl,DE,röthenbach-center
cl,DE,spitzkrug multi center
cl,DE,promenaden hauptbahnhof
cl,DE,city-point
cl,DE,seerhein-center
cl,DE,kröpeliner tor center
cl,DE,stadt-galerie
cl,DE,fünf höfe
cl,DE,neuermarkt
cl,DE,einkaufsbahnhof nürnberg hbf
cl,DE,bahnhofcenter gelsenkirchen
cl,DE,stadtgalerie heilbronn
cl,DE,zwickau arcaden
cl,DE,rathaus-center
cl,DE,marktplatz-center
cl,DE,norder tor
cl,DE,rathaus galerie
cl,DE,schlosshöfe
cl,DE,admira-center
cl,DE,lausitz center
cl,DE,hachepark
cl,DE,schwanenmarkt
cl,DE,city rondell
cl,DE,spree galerie
fd,DE,mcdonald’s
fd,DE,burger king
fd,DE,kfc
fd,DE,subway
fd,DE,nordsee
fd,DE,vapiano
fd,DE,hans im glück
fd,DE,peter pane
fd,DE,l’osteria
fd,DE,alex
fd,DE,block house
fd,DE,maredo
fd,DE,five guys
fd,DE,domino’s pizza
fd,DE,pizza hut
fd,DE,call a pizza
fd,DE,joey’s pizza
fd,DE,smileys
fd,DE,hallo pizza
fd,DE,taco bell
fd,DE,dean & david
fd,DE,moschmosch
fd,DE,sausalitos
fd,DE,enchilada
fd,DE,mongo’s
fd,DE,le crobag
fd,DE,backwerk
fd,DE,ditsch
fd,DE,kamps
fd,DE,bäckerei junge
fd,DE,cinnamood
fd,DE,burgermeister
fd,DE,pommes freunde
fd,DE,hans im glück
fd,DE,burgerheart
fd,DE,burgerladen
fd,DE,hans im glück
fd,DE,frittenwerk
fd,DE,dean & david
fd,DE,eat happy
fd,DE,asia hung
fd,DE,mr. phung
fd,DE,viet bowl
fd,DE,asia quick
fd,DE,royal donuts
fd,DE,dunkin’
fd,DE,starbucks
fd,DE,coffee fellows
fd,DE,tchibo
fd,DE,balzac coffee
fd,DE,einstein kaffee
fd,DE,segafredo
fd,DE,espresso house
fd,DE,nordsee fischbar
fd,DE,kochlöffel
fd,DE,serways
fd,DE,marché mövenpick
fd,DE,autogrill
fd,DE,pizza & pasta
fd,DE,risa chicken
fd,DE,hooters
fd,DE,hard rock cafe
fd,DE,dean & david
fd,DE,vapiano
fd,DE,hans im glück
fd,DE,peter pane
fd,DE,l’osteria
fd,DE,aposto
fd,DE,amrest (verschiedene marken)
fd,DE,asia gourmet
fd,DE,yorma’s
fd,DE,kfc
fd,DE,mccafé
fd,DE,five guys
fd,DE,domino’s
fd,DE,pizza hut
fd,DE,call a pizza
fd,DE,smashburger
fd,DE,burger vision
fd,DE,burgeramt
fd,DE,burgerlich
fd,DE,heimwerk
fd,DE,andechser am dom
fd,DE,extrablatt
fd,DE,café extrablatt
fd,DE,müller’s restaurant
fd,DE,restaurant asia wok
fd,DE,asia bistro
fd,DE,china imbiss
fd,DE,wurst-basar
fd,DE,curry 36
fd,DE,curry & co
fd,DE,best worscht in town
fd,DE,nordsee